Frequency,100_THP,90_THP,80_THP,70_THP,65_THP,50_THP,30_THP,15_THP,10_THP,100_PHA,90_PHA,80_PHA,70_PHA,65_PHA,50_PHA,30_PHA,15_PHA,10_PHA
1,1289100.649336756,1136449.3801248283,1011473.378775131,907272.0011295234,861407.6285938843,743426.4011006554,620461.456846932,546649.2423646214,524774.1653976353,507390.6660641398,505033.9768160063,502692.0591271173,500364.774550748,499206.57688750065,495753.55954558623,491199.25824300805,487820.2509480424,486700.8234236278
2,644550.324668378,568224.6900624142,505736.6893875655,453636.0005647617,430703.81429694215,371713.2005503277,310230.728423466,273324.6211823107,262387.08269881766,253695.3330320699,252516.98840800315,251346.02956355864,250182.387275374,249603.28844375032,247876.77977279312,245599.62912150403,243910.1254740212,243350.4117118139
3,429700.21644558536,378816.4600416095,337157.7929250436,302424.00037650776,287135.8761979614,247808.80036688515,206820.485615644,182216.41412154044,174924.72179921175,169130.22202137994,168344.65893866878,167564.01970903907,166788.25818358266,166402.19229583352,165251.1865151954,163733.08608100266,162606.7503160141,162233.60780787593
4,322275.162334189,284112.3450312071,252868.34469378274,226818.00028238085,215351.90714847107,185856.60027516386,155115.364211733,136662.31059115534,131193.54134940883,126847.66651603495,126258.49420400157,125673.01478177932,125091.193637687,124801.64422187516,123938.38988639656,122799.81456075201,121955.0627370106,121675.20585590696
5,257820.12986735124,227289.87602496566,202294.6757550262,181454.40022590468,172281.52571877686,148685.28022013107,124092.2913693864,109329.84847292428,104954.83307952704,101478.13321282796,101006.79536320125,100538.41182542345,100072.9549101496,99841.31537750011,99150.71190911726,98239.85164860162,97564.05018960846,97340.16468472555
6,214850.10822279268,189408.23002080474,168578.8964625218,151212.00018825388,143567.9380989807,123904.40018344257,103410.242807822,91108.20706077022,87462.36089960588,84565.11101068997,84172.32946933439,83782.00985451954,83394.12909179133,83201.09614791676,82625.5932575977,81866.54304050133,81303.37515800705,81116.80390393797
7,184157.23561953657,162349.91144640406,144496.19696787585,129610.28587564621,123058.23265626919,106203.77158580792,88637.35097813315,78092.74890923162,74967.7379139479,72484.38086630568,72147.71097371519,71813.15130387389,71480.68207867829,71315.22526964295,70821.93707794091,70171.32260614401,69688.60727829176,69528.68906051826
8,161137.5811670945,142056.17251560354,126434.17234689137,113409.00014119042,107675.95357423554,92928.30013758193,77557.6821058665,68331.15529557767,65596.77067470441,63423.833258017476,63129.24710200079,62836.50739088966,62545.5968188435,62400.82211093758,61969.19494319828,61399.90728037601,60977.5313685053,60837.60292795348
9,143233.40548186176,126272.15334720313,112385.93097501452,100808.00012550259,95711.95873265379,82602.93345562837,68940.16187188133,60738.80470718014,58308.24059973724,56376.740673793305,56114.88631288958,55854.673236346345,55596.08606119422,55467.3974319445,55083.72883839847,54577.69536033422,54202.25010533803,54077.869269291965
10,128910.06493367562,113644.93801248283,101147.3378775131,90727.20011295234,86140.76285938843,74342.64011006553,62046.1456846932,54664.92423646214,52477.41653976352,50739.06660641398,50503.397681600625,50269.205912711725,50036.4774550748,49920.657688750056,49575.35595455863,49119.92582430081,48782.02509480423,48670.08234236277
11,117190.96812152328,103313.58001134805,91952.12534319372,82479.27282995668,78309.78441762585,67584.21828187778,56405.58698608473,49695.38566951104,47706.74230887594,46126.42418764908,45912.17971054603,45699.27810246521,45487.70677734073,45382.416080681876,45068.50541323512,44654.478022091644,44347.295540731124,44245.52940214799
12,107425.05411139634,94704.11501040237,84289.4482312609,75606.00009412694,71783.96904949035,61952.200091721286,51705.121403911,45554.10353038511,43731.18044980294,42282.555505344986,42086.164734667196,41891.00492725977,41697.064545895664,41600.54807395838,41312.79662879885,40933.271520250666,40651.68757900353,40558.40195196898
13,99161.5884105197,87419.18308652526,77805.64452116391,69790.15393304026,66262.12527645263,57186.64623851196,47727.804372840925,42049.94172035549,40367.24349212579,39030.05123570306,38848.7674473851,38668.61993285517,38489.59804236523,38400.50591442312,38134.88919581433,37784.55832638523,37524.63468831095,37438.524878740594
14,92078.61780976829,81174.95572320203,72248.09848393792,64805.142937823104,61529.116328134594,53101.88579290396,44318.675489066576,39046.37445461581,37483.86895697395,36242.19043315284,36073.855486857596,35906.575651936946,35740.341039339146,35657.612634821475,35410.968538970454,35085.661303072004,34844.30363914588,34764.34453025913
15,85940.04328911708,75763.29200832189,67431.55858500874,60484.80007530157,57427.175239592296,49561.76007337703,41364.097123128806,36443.282824308095,34984.94435984236,33826.04440427599,33668.93178773376,33512.80394180782,33357.65163671654,33280.43845916671,33050.23730303909,32746.61721620054,32521.350063202823,32446.72156157519
16,80568.79058354725,71028.08625780177,63217.086173445685,56704.50007059521,53837.97678711777,46464.150068790965,38778.84105293325,34165.577647788836,32798.38533735221,31711.916629008738,31564.623551000393,31418.25369544483,31272.79840942175,31200.41105546879,30984.59747159914,30699.953640188003,30488.76568425265,30418.80146397674
17,75829.44996098563,66849.9635367546,59498.434045595925,53368.941242913126,50671.03697611083,43730.96477062678,36497.73275570187,32155.837786154192,30869.06855280207,29846.50976847881,29707.880989176832,29570.121125124537,29433.222032396934,29365.092758088264,29161.974090916836,28894.074014294587,28695.308879296597,28629.460201389866
18,71616.70274093088,63136.076673601565,56192.96548750726,50404.00006275129,47855.979366326894,41301.466727814186,34470.08093594066,30369.40235359007,29154.12029986862,28188.370336896653,28057.44315644479,27927.336618173173,27798.04303059711,27733.69871597225,27541.864419199235,27288.84768016711,27101.125052669016,27038.934634645982
19,67847.40259667137,59813.1252697278,53235.44098816478,47751.15795418544,45337.24361020443,39127.70532108712,32655.866149838526,28771.0127560327,27619.692915665015,26704.77189811262,26580.735621895066,26457.47679616406,26334.988134249892,26274.030362500027,26092.292607662435,25852.59253910568,25674.750049896964,25615.832811769884
20,64455.03246683781,56822.469006241416,50573.66893875655,45363.60005647617,43070.381429694215,37171.32005503277,31023.0728423466,27332.46211823107,26238.70826988176,25369.53330320699,25251.698840800313,25134.602956355862,25018.2387275374,24960.328844375028,24787.677977279316,24559.962912150404,24391.012547402115,24335.041171181387
21,61385.745206512205,54116.637148801354,48165.39898929195,43203.4286252154,41019.410885423065,35401.25719526931,29545.783659377717,26030.916303077207,24989.245971315966,24161.46028876856,24049.2369912384,23937.7171012913,23826.894026226095,23771.74175654765,23607.312359313633,23390.440868714668,23229.53575943059,23176.229686839422
22,58595.48406076164,51656.790005674025,45976.06267159686,41239.63641497834,39154.892208812926,33792.10914093889,28202.793493042365,24847.69283475552,23853.37115443797,23063.21209382454,22956.089855273014,22849.639051232603,22743.853388670366,22691.208040340938,22534.25270661756,22327.239011045822,22173.647770365562,22122.764701073997
23,56047.85431898939,49410.84261412297,43977.103425005684,39446.608744761885,37452.50559103844,32322.88700437632,26976.58508030139,23767.358363679185,22816.26806076675,22060.46374191912,21957.99899200027,21856.1764837877,21754.990197858606,21704.633777717416,21554.502588938532,21356.48948882643,21209.57612817575,21160.905366244686
24,53712.52705569817,47352.057505201185,42144.72411563045,37803.00004706347,35891.984524745174,30976.100045860643,25852.5607019555,22777.051765192555,21865.59022490147,21141.277752672493,21043.082367333598,20945.502463629884,20848.532272947832,20800.27403697919,20656.398314399426,20466.635760125333,20325.843789501763,20279.20097598449
25,51564.02597347024,45457.97520499313,40458.93515100523,36290.88004518093,34456.305143755366,29737.056044026216,24818.458273877277,21865.969694584852,20990.966615905407,20295.62664256559,20201.35907264025,20107.682365084685,20014.590982029917,19968.26307550002,19830.142381823447,19647.97032972032,19512.810037921692,19468.03293694511
26,49580.79420525985,43709.59154326263,38902.822260581954,34895.07696652013,33131.062638226314,28593.32311925598,23863.902186420462,21024.970860177746,20183.621746062894,19515.02561785153,19424.38372369255,19334.309966427583,19244.799021182615,19200.25295721156,19067.444597907164,18892.279163192616,18762.317344155475,18719.262439370297
27,47744.46849395394,42090.71778240105,37461.976991671516,33602.66670850087,31903.986244217936,27534.31115187613,22980.053957293778,20246.268235726715,19436.080199912416,18792.246891264436,18704.96210429653,18618.224412115454,18532.02868706474,18489.132477314837,18361.242946132825,18192.56512011141,18067.416701779344,18025.956423097326
28,46039.30890488414,40587.477861601015,36124.04924196896,32402.571468911552,30764.558164067297,26550.94289645198,22159.337744533288,19523.187227307906,18741.934478486975,18121.09521657642,18036.927743428798,17953.287825968473,17870.170519669573,17828.806317410737,17705.484269485227,17542.830651536002,17422.15181957294,17382.172265129564
29,44451.746528853655,39187.90965947684,34878.392371556234,31285.241418259426,29703.711330823593,25635.39314140191,21395.222649894204,18849.973874642114,18095.660875780522,17496.22986428068,17414.96471779332,17334.20893541783,17253.95774312924,17214.019892672433,17094.950329158146,16937.905456655448,16821.387963725596,16782.787014607853
30,42970.02164455854,37881.646004160946,33715.77929250437,30242.400037650787,28713.587619796148,24780.880036688515,20682.048561564403,18221.641412154047,17492.47217992118,16913.022202137996,16834.46589386688,16756.40197090391,16678.82581835827,16640.219229583356,16525.118651519544,16373.30860810027,16260.675031601411,16223.360780787594
31,41583.89191408891,36659.65742338156,32628.17350887519,29266.838746113655,27787.342857867236,23981.49680969856,20014.885704739743,17633.84652789101,16928.198883794685,16367.440840778705,16291.418606967945,16215.872875068295,16140.799179056386,16103.437964112924,15992.050307922138,15845.137362677679,15736.137127356204,15700.02656205251
32,40284.395291773624,35514.043128900885,31608.543086722842,28352.250035297606,26918.988393558884,23232.075034395482,19389.420526466623,17082.788823894418,16399.192668676103,15855.958314504369,15782.311775500197,15709.126847722415,15636.399204710875,15600.205527734395,15492.29873579957,15349.976820094002,15244.382842126324,15209.40073198837
33,39063.656040507754,34437.860003782676,30650.708447731235,27493.090943318886,26103.261472541944,22528.072760625917,18801.862328694908,16565.128556503678,15902.247436291977,15375.474729216356,15304.059903515341,15233.092700821731,15162.56892578024,15127.472026893956,15022.835137745036,14884.82600736388,14782.431846910373,14748.509800715992
34,37914.724980492814,33424.9817683773,29749.217022797962,26684.470621456563,25335.518488055415,21865.48238531339,18248.866377850936,16077.918893077096,15434.534276401035,14923.254884239404,14853.940494588416,14785.060562562268,14716.611016198467,14682.546379044132,14580.987045458418,14447.037007147293,14347.654439648299,14314.730100694933
35,36831.44712390732,32469.98228928081,28899.239393575168,25922.05717512924,24611.646531253835,21240.754317161583,17727.47019562663,15618.549781846325,14993.547582789577,14496.876173261137,14429.542194743037,14362.630260774777,14296.136415735657,14263.045053928587,14164.387415588179,14034.2645212288,13937.721455658351,13905.73781210365
36,35808.35137046544,31568.038336800782,28096.48274375363,25202.000031375646,23927.989683163447,20650.733363907093,17235.04046797033,15184.701176795035,14577.06014993431,14094.185168448326,14028.721578222396,13963.668309086586,13899.021515298555,13866.849357986124,13770.932209599618,13644.423840083555,13550.562526334508,13519.467317322991
37,34840.558090182596,30714.848111481842,27337.118345273808,24520.86489539252,23281.287259294168,20092.605435152847,16769.22856343059,14774.303847692467,14183.085551287439,13713.26124497675,13649.566940973142,13586.271868300464,13523.372285155348,13492.069645608122,13398.744852583412,13275.655628189406,13184.331106703845,13154.076308746697
38,33923.70129833568,29906.5626348639,26617.72049408239,23875.57897709272,22668.621805102215,19563.85266054356,16327.933074919263,14385.50637801635,13809.846457832507,13352.38594905631,13290.367810947533,13228.73839808203,13167.494067124946,13137.015181250013,13046.146303831218,12926.29626955284,12837.375024948482,12807.916405884942
39,33053.86280350657,29139.727695508416,25935.21484038797,23263.384644346752,22087.375092150876,19062.21541283732,15909.268124280306,14016.647240118496,13455.747830708597,13010.017078567686,12949.589149128366,12889.539977618391,12829.866014121742,12800.16863814104,12711.629731938108,12594.852775461744,12508.211562770317,12479.508292913533
40,32227.516233418904,28411.234503120708,25286.834469378275,22681.800028238085,21535.190714847107,18585.660027516384,15511.5364211733,13666.231059115535,13119.35413494088,12684.766651603495,12625.849420400156,12567.301478177931,12509.1193637687,12480.164422187514,12393.838988639658,12279.981456075202,12195.506273701058,12167.520585590693
41,31441.479252116005,27718.277564020205,24670.082409149534,22128.58539340301,21009.942160826446,18132.351246357448,15133.206264559316,13332.908350356618,12799.369887747202,12375.38209912536,12317.90187356113,12260.781929929688,12204.018891481659,12175.77016798782,12091.550232819178,11980.4697132441,11898.054901171765,11870.75179082019
42,30692.872603256103,27058.318574400677,24082.699494645974,21601.7143126077,20509.705442711533,17700.628597634655,14772.891829688859,13015.458151538603,12494.622985657983,12080.73014438428,12024.6184956192,11968.85855064565,11913.447013113047,11885.870878273825,11803.656179656817,11695.220434357334,11614.767879715295,11588.114843419711
43,29979.08486829666,26429.055351740197,23522.636715700723,21099.348863477288,20032.735548694985,17288.98607210827,14429.336205742606,12712.773078247008,12204.050358084542,11799.782931724183,11744.976205023404,11690.513002956215,11636.39010583135,11609.455276453504,11529.152547571774,11423.238563790886,11344.656998791683,11318.623800549485
44,29297.74203038082,25828.395002837013,22988.03133579843,20619.81820748917,19577.446104406463,16896.054570469445,14101.396746521183,12423.84641737776,11926.685577218985,11531.60604691227,11478.044927636507,11424.819525616302,11371.926694335183,11345.604020170469,11267.12635330878,11163.619505522911,11086.823885182781,11061.382350536998
45,28646.681096372355,25254.430669440626,22477.18619500291,20161.600025100517,19142.39174653076,16520.586691125674,13788.032374376266,12147.760941436029,11661.64811994745,11275.34813475866,11222.977262577917,11170.93464726927,11119.217212238842,11093.479486388902,11016.745767679695,10915.539072066844,10840.450021067607,10815.573853858396
46,28023.927159494695,24705.421307061486,21988.551712502842,19723.304372380942,18726.25279551922,16161.44350218816,13488.292540150695,11883.679181839592,11408.134030383375,11030.23187095956,10978.999496000135,10928.08824189385,10877.495098929303,10852.316888858708,10777.251294469266,10678.244744413216,10604.788064087876,10580.452683122343
47,27427.673390143747,24179.774045209113,21520.71018670491,19303.659598500497,18327.82188497626,15817.583002141602,13201.307592487912,11630.834943928114,11165.407774417772,10795.546086471059,10745.403762042686,10695.575726108877,10646.059032994637,10621.416529521288,10547.948075438006,10451.048047723574,10379.154275490262,10355.336668587825
48,26856.263527849085,23676.028752600592,21072.362057815226,18901.500023531735,17945.992262372587,15488.050022930322,12926.28035097775,11388.525882596277,10932.795112450734,10570.638876336247,10521.541183666799,10472.751231814942,10424.266136473916,10400.137018489595,10328.199157199713,10233.317880062667,10162.921894750882,10139.600487992246
49,26308.176517076656,23192.844492343436,20642.313852553692,18515.755125092313,17579.747522324167,15171.967369401133,12662.478711161877,11156.106987033088,10709.676844849699,10354.911552329382,10306.815853387883,10259.021614839128,10211.526011239754,10187.889324234706,10117.419582562985,10024.474658020572,9955.51532547025,9932.669865788323
50,25782.01298673512,22728.987602496563,20229.467575502615,18145.440022590465,17228.152571877683,14868.528022013108,12409.229136938638,10932.984847292426,10495.483307952703,10147.813321282794,10100.679536320125,10053.841182542343,10007.295491014958,9984.13153775001,9915.071190911724,9823.98516486016,9756.405018960846,9734.016468472555
51,25276.483320328556,22283.321178918202,19832.81134853198,17789.647080971048,16890.345658703613,14576.988256875598,12165.910918567293,10718.612595384731,10289.689517600693,9948.836589492937,9902.62699639228,9856.707041708181,9811.07401079898,9788.36425269609,9720.658030305614,9631.358004764865,9565.102959765536,9543.15340046329
52,24790.397102629926,21854.795771631314,19451.411130290977,17447.538483260065,16565.531319113157,14296.66155962799,11931.951093210231,10512.485430088873,10091.810873031447,9757.512808925765,9712.191861846275,9667.154983213792,9622.399510591307,9600.12647860578,9533.722298953582,9446.139581596308,9381.158672077738,9359.631219685149
53,24322.653761070866,21442.441134430723,19084.403373115674,17118.33964395327,16252.974124412909,14026.913228314252,11706.819940508149,10314.13664838908,9901.399347125192,9573.408793663013,9528.94295879257,9484.755832587116,9440.8448028443,9418.992016745293,9353.840746143136,9267.910532886943,9204.155678264948,9183.034404219392
54,23872.23424697697,21045.358891200525,18730.988495835758,16801.333354250433,15951.993122108968,13767.155575938064,11490.026978646889,10123.134117863357,9718.040099956208,9396.123445632218,9352.481052148265,9309.112206057727,9266.01434353237,9244.566238657419,9180.621473066412,9096.282560055704,9033.708350889672,9012.978211548663
55,23438.193624304655,20662.716002269604,18390.425068638742,16495.854565991332,15661.956883525167,13516.843656375553,11281.117397216945,9939.077133902207,9541.348461775186,9225.284837529814,9182.435942109205,9139.85562049304,9097.541355468145,9076.483216136374,9013.701082647023,8930.895604418327,8869.459108146224,8849.105880429595
56,23019.65445244207,20293.738930800508,18062.02462098448,16201.285734455776,15382.279082033649,13275.47144822599,11079.668872266644,9761.593613653953,9370.967239243488,9060.54760828821,9018.463871714399,8976.643912984237,8935.085259834786,8914.403158705369,8852.742134742613,8771.415325768001,8711.07590978647,8691.086132564782
57,22615.800865557125,19937.708423242602,17745.14699605493,15917.052651395146,15112.414536734812,13042.568440362376,10885.28871661284,9590.337585344234,9206.564305221671,8901.590632704207,8860.245207298356,8819.158932054688,8778.329378083297,8758.010120833344,8697.430869220812,8617.530846368561,8558.25001663232,8538.610937256628
58,22225.873264426828,19593.95482973842,17439.196185778117,15642.620709129713,14851.855665411797,12817.696570700955,10697.611324947102,9424.986937321057,9047.830437890261,8748.11493214034,8707.48235889666,8667.104467708916,8626.97887156462,8607.009946336217,8547.475164579073,8468.952728327724,8410.693981862798,8391.393507303927
59,21849.163548080607,19261.853900420818,17143.616589408994,15377.49154456819,14600.129298201426,12600.447476282294,10516.295878761557,9265.24139601053,8894.477379620936,8599.841797697283,8559.897912135699,8520.204391985037,8480.758890690642,8461.128421822043,8402.602704162477,8325.411156661152,8268.139846576987,8249.166498705554
60,21485.01082227927,18940.823002080473,16857.889646252184,15121.200018825393,14356.793809898074,12390.440018344258,10341.024280782201,9110.820706077024,8746.23608996059,8456.511101068998,8417.23294693344,8378.200985451955,8339.412909179135,8320.109614791678,8262.559325759772,8186.654304050135,8130.337515800706,8111.680390393797
61,21132.797530110754,18630.317706964397,16581.530799592307,14873.311493926612,14121.43653432597,12187.318050830416,10171.499292572655,8961.462989583955,8602.855170453036,8317.879771543274,8279.245521573872,8240.853428313396,8202.701222143409,8183.714375204927,8127.107533534201,8052.446856442753,7997.053294230202,7978.702023338159
62,20791.945957044456,18329.82871169078,16314.086754437594,14633.419373056828,13893.671428933618,11990.74840484928,10007.442852369872,8816.923263945506,8464.099441897342,8183.7204203893525,8145.709303483973,8107.936437534147,8070.399589528193,8051.718982056462,7996.025153961069,7922.568681338839,7868.068563678102,7850.013281026255
63,20461.915068837396,18038.879049600448,16055.13299643065,14401.142875071797,13673.136961807686,11800.419065089767,9848.594553125904,8676.972101025734,8329.748657105321,8053.820096256187,8016.412330412798,7979.239033763765,7942.29800874203,7923.913918849215,7869.104119771209,7796.813622904889,7743.178586476863,7725.409895613139
64,20142.197645886812,17757.021564450442,15804.271543361421,14176.125017648803,13459.494196779442,11616.037517197741,9694.710263233312,8541.394411947209,8199.596334338052,7927.979157252184,7891.155887750098,7854.563423861207,7818.1996023554375,7800.102763867198,7746.149367899785,7674.988410047001,7622.191421063162,7604.700365994185
65,19832.31768210394,17483.836617305053,15561.128904232783,13958.030786608051,13252.425055290527,11437.32924770239,9545.560874568184,8409.988344071096,8073.448698425158,7806.010247140611,7769.75348947702,7733.7239865710335,7697.919608473046,7680.101182884625,7626.977839162866,7556.911665277047,7504.926937662189,7487.70497574812
66,19531.828020253877,17218.930001891338,15325.354223865617,13746.545471659443,13051.630736270972,11264.036380312958,9400.931164347454,8282.564278251839,7951.123718145988,7687.737364608178,7652.0299517576705,7616.546350410866,7581.28446289012,7563.736013446978,7511.417568872518,7442.41300368194,7391.215923455186,7374.254900357996
67,19240.308199056064,16961.93104663923,15096.61759365867,13541.373151186915,12856.830277520661,11095.916434338142,9260.618758909432,8158.943915889871,7832.450229815452,7572.995015882683,7537.820549492631,7502.866554136077,7468.130963444,7450.844431156725,7399.306858889347,7331.332212582211,7280.899267881229,7264.191394382505
68,18957.362490246407,16712.49088418865,14874.608511398981,13342.235310728282,12667.759244027708,10932.741192656695,9124.433188925468,8038.959446538548,7717.267138200517,7461.627442119702,7426.970247294208,7392.530281281134,7358.3055080992335,7341.273189522066,7290.493522729209,7223.518503573647,7173.827219824149,7157.365050347466
69,18682.6181063298,16470.280871374325,14659.0344750019,13148.869581587296,12484.168530346149,10774.295668125442,8992.195026767131,7922.452787893063,7605.42268692225,7353.487913973041,7319.332997333426,7285.392161262569,7251.6633992862035,7234.877925905806,7184.834196312845,7118.829829608812,7069.858709391919,7053.635122081562
70,18415.72356195366,16234.991144640406,14449.619696787584,12961.02858756462,12305.823265626917,10620.377158580792,8863.735097813314,7809.274890923162,7496.7737913947885,7248.438086630568,7214.771097371518,7181.315130387388,7148.068207867828,7131.522526964293,7082.193707794089,7017.1322606144,6968.860727829176,6952.868906051825
71,18156.347173757127,16006.329297532793,14246.103926410293,12778.478889148217,12132.501811181468,10470.794381699372,8738.893758407492,7699.28510372706,7391.185428135707,7146.347409354081,7113.1546030423415,7080.169846860805,7047.391190855606,7031.078547711275,6982.444500642059,6918.299411873352,6870.707759831581,6854.941174980672
72,17904.17568523272,15784.019168400391,14048.241371876815,12601.000015687823,11963.994841581723,10325.366681953547,8617.520233985166,7592.350588397518,7288.530074967155,7047.092584224163,7014.360789111198,6981.834154543293,6949.510757649277,6933.424678993062,6885.466104799809,6822.211920041777,6775.281263167254,6759.733658661496
73,17658.9130046131,15567.799727737378,13855.79970924837,12428.38357711676,11800.104501286087,10183.923302748706,8499.472011601809,7488.345785816731,7188.687197227881,6950.557069371779,6918.273655013786,6886.192590782428,6854.311980147233,6838.446258732885,6791.144651309402,6728.756962232988,6682.4691910690735,6667.134567446957
74,17420.279045091298,15357.424055740921,13668.559172636904,12260.43244769626,11640.643629647084,10046.302717576424,8384.614281715296,7387.151923846233,7091.542775643719,6856.630622488375,6824.783470486571,6793.135934150232,6761.686142577674,6746.034822804061,6699.372426291706,6637.827814094703,6592.165553351922,6577.038154373348
75,17188.008657823415,15152.658401664377,13486.311717001745,12096.960015060311,11485.435047918456,9912.352014675405,8272.81942462576,7288.656564861618,6996.98887196847,6765.208880855196,6733.78635754675,6702.560788361563,6671.530327343306,6656.087691833341,6610.047460607818,6549.323443240108,6504.270012640564,6489.344312315037
76,16961.85064916784,14953.28131743195,13308.860247041195,11937.78948854636,11334.310902551108,9781.92633027178,8163.966537459632,7192.753189008175,6904.923228916254,6676.192974528155,6645.183905473767,6614.369199041015,6583.747033562473,6568.507590625007,6523.073151915609,6463.14813477642,6418.687512474241,6403.958202942471
77,16741.566874503325,14759.082858764004,13136.017906170531,11782.753261422382,11187.112059660834,9654.888325982538,8057.940998012104,7099.340809930148,6815.248901267992,6589.489169664153,6558.88281579229,6528.468300352171,6498.24382533439,6483.202297240267,6438.3579161764455,6379.211146013091,6335.3279343901595,6320.789914592569
78,16526.931401753285,14569.863847754208,12967.607420193985,11631.692322173376,11043.687546075438,9531.10770641866,7954.634062140153,7008.323620059248,6727.873915354298,6505.008539283843,6474.794574564183,6444.769988809196,6414.933007060871,6400.08431907052,6355.814865969054,6297.426387730872,6254.1057813851585,6239.754146456767
79,16317.729738439948,14385.435191453524,12803.460490824442,11484.455710500295,10903.894032833978,9410.460773426017,7853.942491733316,6919.610662843307,6642.710954400445,6422.6666590397435,6392.8351495697,6363.190621862243,6333.731323427189,6319.070593512665,6275.361513235269,6217.712129658329,6174.939885418256,6160.769916754783
80,16113.758116709452,14205.617251560354,12643.417234689137,11340.900014119043,10767.595357423554,9292.830013758192,7755.76821058665,6833.115529557767,6559.67706747044,6342.383325801748,6312.924710200078,6283.650739088966,6254.55968188435,6240.082211093757,6196.919494319829,6139.990728037601,6097.753136850529,6083.760292795347
81,15914.822831317975,14030.23926080035,12487.325663890504,11200.888902833622,10634.662081405979,9178.10371729204,7660.017985764593,6748.756078575572,6478.693399970805,6264.0822970881445,6234.987368098843,6206.074804038483,6177.342895688246,6163.044159104945,6120.414315377608,6064.18837337047,6022.472233926448,6008.652141032441
82,15720.739626058003,13859.138782010103,12335.041204574767,11064.292696701505,10504.971080413223,9066.175623178724,7566.603132279658,6666.454175178309,6399.684943873601,6187.69104956268,6158.950936780565,6130.390964964844,6102.0094457408295,6087.88508399391,6045.775116409589,5990.23485662205,5949.027450585882,5935.375895410095
83,15531.33312453923,13692.161206323231,12186.426250302778,10930.987965415943,10378.405163781736,8956.94459157416,7475.439239119661,6586.13545017616,6322.580305995604,6113.140554989635,6084.7467086265815,6056.5308328568335,6028.491259647565,6014.537070933741,5972.9344523564605,5918.063352325397,5877.352421060749,5863.865342453346
84,15346.436301628051,13529.159287200338,12041.349747322987,10800.85715630385,10254.852721355766,8850.314298817328,7386.445914844429,6507.729075769302,6247.3114928289915,6040.36507219214,6012.3092478096,5984.429275322825,5956.723506556524,5942.9354391369125,5901.828089828408,5847.610217178667,5807.383939857647,5794.057421709856
85,15165.88999219713,13369.992707350923,11899.686809119188,10673.788248582627,10134.207395222167,8746.192954125358,7299.546551140376,6431.1675572308395,6173.8137105604155,5969.301953695762,5941.5761978353685,5914.024225024908,5886.644406479388,5873.018551617654,5832.3948181833675,5778.814802858918,5739.061775859322,5725.892040277974
86,14989.54243414833,13214.527675870098,11761.318357850361,10549.674431738644,10016.367774347493,8644.493036054135,7214.668102871303,6356.386539123504,6102.025179042271,5899.8914658620915,5872.488102511702,5845.256501478108,5818.195052915675,5804.727638226752,5764.576273785887,5711.619281895443,5672.328499395841,5659.311900274743
87,14817.24884295122,13062.636553158947,11626.130790518746,10428.413806086475,9901.237110274533,8545.131047133971,7131.74088329807,6283.324624880705,6031.886958593509,5832.076621426894,5804.98823926444,5778.069645139278,5751.319247709747,5738.006630890812,5698.316776386049,5645.968485551817,5607.129321241866,5594.262338202619
88,14648.87101519041,12914.197501418506,11494.015667899215,10309.909103744585,9788.723052203231,8448.027285234723,7050.698373260591,6211.92320868888,5963.342788609492,5765.803023456135,5739.0224638182535,5712.409762808151,5685.963347167592,5672.8020100852345,5633.56317665439,5581.8097527614555,5543.4119425913905,5530.691175268499
89,14484.276958839953,12769.094158705935,11364.869424439672,10194.067428421611,9678.737399931284,8353.105630344442,6971.477043223955,6142.126318703611,5896.338937052081,5701.0187198217955,5674.539065348385,5648.225383450755,5622.0761185477295,5609.06266165731,5570.264713995351,5519.092789247281,5481.126415146542,5468.548577793571
90,14323.340548186177,12627.215334720313,11238.593097501454,10080.800012550259,9571.19587326538,8260.293345562837,6894.016187188133,6073.880470718014,5830.824059973725,5637.67406737933,5611.4886312889585,5585.467323634635,5559.608606119421,5546.739743194451,5508.372883839847,5457.769536033422,5420.2250105338035,5407.786926929198
91,14165.941201502814,12488.454726646463,11115.092074451988,9970.021990434323,9466.01789663609,8169.520891215993,6818.257767548703,6007.134531479355,5766.749070303684,5575.721605100437,5549.823921055014,5524.088561836453,5498.514006052175,5485.786559203303,5447.841313687762,5397.794046626462,5360.662098330135,5348.360696962943
92,14011.963579747347,12352.710653530743,10994.275856251421,9861.652186190471,9363.12639775961,8080.72175109408,6744.146270075347,5941.839590919796,5704.0670151916875,5515.11593547978,5489.4997480000675,5464.044120946925,5438.7475494646515,5426.158444429354,5388.625647234633,5339.122372206608,5302.394032043938,5290.2263415611715
93,13861.297304696303,12219.885807793855,10876.057836291731,9755.61291537122,9262.44761928908,7993.832269899522,6671.628568246581,5877.948842630338,5642.732961264896,5455.813613592902,5430.472868989316,5405.2909583560995,5380.266393018796,5367.8126547043075,5330.683435974046,5281.712454225893,5245.3790424520685,5233.342187350837
94,13713.836695071874,12089.887022604556,10760.355093352455,9651.829799250248,9163.91094248813,7908.791501070801,6600.653796243956,5815.417471964057,5582.703887208886,5397.773043235529,5372.701881021343,5347.787863054438,5323.029516497319,5310.708264760644,5273.974037719003,5225.524023861787,5189.577137745131,5177.668334293912
95,13569.480519334275,11962.625053945563,10647.088197632957,9550.231590837087,9067.448722040886,7825.541064217426,6531.173229967705,5754.20255120654,5523.938583133004,5340.954379622524,5316.147124379014,5291.495359232813,5266.9976268499795,5254.806072500006,5218.458521532487,5170.518507821137,5134.950009979392,5123.166562353977
96,13428.131763924543,11838.014376300296,10536.181028907613,9450.750011765867,8972.996131186293,7744.025011465161,6463.140175488875,5694.262941298139,5466.397556225367,5285.319438168123,5260.7705918333995,5236.375615907471,5212.133068236958,5200.0685092447975,5164.099578599857,5116.658940031333,5081.460947375441,5069.800243996123
97,13289.697415842847,11715.972990977612,10427.560605929186,9353.319599273436,8880.491016431797,7664.189702068614,6396.509864401361,5635.559199635271,5410.042942243663,5230.831608908658,5206.535843463983,5182.392362135229,5158.399737636578,5146.459555541243,5110.861438614292,5063.909878793897,5029.0747520416735,5017.534262099256
98,13154.088258538328,11596.422246171718,10321.156926276846,9257.877562546157,8789.873761162084,7585.983684700566,6331.2393555809385,5578.053493516544,5354.838422424849,5177.455776164691,5153.407926693942,5129.510807419564,5105.763005619877,5093.944662117353,5058.7097912814925,5012.237329010286,4977.757662735125,4966.334932894161
99,13021.218680169251,11479.286667927558,10216.902815910411,9164.363647772961,8701.08715751398,7509.357586875306,6267.287442898302,5521.709518834558,5300.749145430658,5125.158243072118,5101.35330117178,5077.697566940577,5054.189641926747,5042.490675631318,5007.611712581679,4961.608669121293,4927.477282303457,4916.169933571998
100,12891.00649336756,11364.493801248282,10114.733787751307,9072.720011295232,8614.076285938841,7434.264011006554,6204.614568469319,5466.492423646213,5247.741653976352,5073.906660641397,5050.339768160063,5026.920591271171,5003.647745507479,4992.065768875005,4957.535595455862,4911.99258243008,4878.202509480423,4867.0082342362775
